route,n_days,n_real_days,n_interp_days,y_min,y_mean,y_max,y_std
ATL_BOS,217,217,0,93.6,131.34544,328.6,41.381935
ATL_CLT,217,217,0,98.6,146.04701,398.6,63.194794
ATL_DEN,217,217,0,63.99,95.24798,273.99,31.32531
ATL_DFW,217,217,0,38.59,63.202534,168.59,26.896027
ATL_DTW,217,217,0,38.59,53.562073,195.59,26.229624
ATL_EWR,217,217,0,43.59,65.12023,368.74,38.022385
ATL_IAD,217,217,0,88.6,111.35586,258.6,30.990314
ATL_JFK,217,217,0,68.6,95.61848,478.6,47.947044
ATL_LAX,217,217,0,118.59,168.62299,359.59,52.079025
ATL_LGA,217,217,0,53.98,75.5059,408.99,40.946194
ATL_MIA,217,217,0,31.59,43.534332,178.6,17.804228
ATL_ORD,217,217,0,38.59,69.50954,190.6,36.83022
ATL_PHL,217,217,0,30.98,52.2988,338.61,39.21741
ATL_SFO,217,217,0,98.6,235.68562,558.6,116.94572
BOS_ATL,217,217,0,93.6,128.286,278.6,36.79239
BOS_CLT,217,217,0,78.6,98.36981,353.6,37.266914
BOS_DEN,217,217,0,118.6,183.42207,318.6,49.99645
BOS_DFW,217,217,0,108.6,152.97545,448.6,45.807728
BOS_DTW,217,217,0,78.6,102.97378,248.6,27.706976
BOS_EWR,217,217,0,43.6,55.438705,178.6,16.012922
BOS_JFK,217,217,0,53.6,62.627647,268.6,23.454432
BOS_LAX,217,217,0,131.6,196.38641,399.6,59.723312
BOS_MIA,217,217,0,43.59,57.579678,356.59,28.770649
BOS_LGA,217,217,0,43.6,58.73364,278.6,22.249128
BOS_ORD,217,217,0,68.6,84.76516,318.6,26.993462
BOS_PHL,217,217,0,43.98,62.919353,213.6,26.22828
CLT_IAD,217,217,0,69.1,103.17927,205.1,23.218056
BOS_SFO,217,217,0,128.6,196.36552,424.61,65.42187
CLT_ATL,217,217,0,97.1,144.27512,397.1,63.251022
CLT_BOS,217,217,0,72.1,91.5235,277.1,33.75105
CLT_DEN,217,217,0,92.49,125.143684,238.49,32.79184
CLT_DFW,217,217,0,161.1,196.68982,331.1,41.600132
CLT_DTW,217,217,0,197.1,211.40872,447.1,49.520676
CLT_EWR,217,217,0,110.1,142.88383,307.1,30.78632
CLT_MIA,217,217,0,127.1,222.56534,307.1,67.50467
CLT_JFK,217,217,0,110.1,151.04008,397.1,54.27793
CLT_LAX,217,217,0,185.1,292.53506,407.1,70.032875
CLT_LGA,217,217,0,110.1,149.65775,397.1,54.662724
CLT_PHL,217,217,0,32.47,57.972904,142.49,19.147638
CLT_ORD,217,217,0,101.1,132.8454,267.1,25.957811
DEN_BOS,217,217,0,127.6,196.06287,358.6,52.032513
DEN_ATL,217,217,0,73.98,98.79147,285.6,31.479294
DFW_LGA,217,217,0,87.0,96.36013,316.59,23.1
DFW_CLT,217,217,0,162.6,197.68306,333.6,40.098034
DEN_CLT,217,217,0,93.99,126.50945,296.61,36.72468
DEN_DFW,217,217,0,43.98,66.9318,192.99,21.20394
DEN_DTW,217,217,0,78.6,124.18309,296.61,47.757195
DEN_EWR,217,217,0,103.6,160.19572,408.6,54.053116
DEN_IAD,217,217,0,98.6,169.46677,488.6,67.0831
DEN_JFK,217,217,0,98.6,125.36153,218.6,28.32333
DEN_LAX,217,217,0,53.99,64.46936,238.6,17.918772
DEN_LGA,217,217,0,98.6,135.96544,358.6,38.470783
DEN_MIA,217,217,0,43.59,74.907005,361.6,42.098133
DEN_ORD,217,217,0,78.6,127.34189,244.6,45.170166
DEN_SFO,217,217,0,53.99,85.15549,232.6,30.988255
DEN_PHL,217,217,0,77.98,137.19014,418.6,57.770306
DFW_ATL,217,217,0,42.98,66.311615,168.59,26.65852
DFW_BOS,217,217,0,128.6,172.29176,448.6,47.8541
DFW_SFO,217,217,0,83.6,118.31175,358.6,47.34346
DFW_MIA,217,217,0,43.59,70.04691,296.61,35.668232
DFW_DEN,217,217,0,43.98,64.96097,192.99,22.080246
DFW_DTW,217,217,0,81.59,129.66635,324.6,60.510857
DFW_EWR,217,217,0,68.6,114.01548,408.6,49.29684
DFW_IAD,217,217,0,118.6,173.27374,348.6,51.29094
DFW_JFK,217,217,0,77.6,104.13415,396.81,42.05979
DFW_LAX,217,217,0,60.59,86.03502,296.61,36.31203
DTW_BOS,217,217,0,78.6,92.64152,258.6,26.318567
DTW_ATL,217,217,0,33.97,50.263687,165.59,22.661316
DFW_ORD,217,217,0,50.59,83.783264,244.6,33.97788
DFW_PHL,217,217,0,43.59,97.82382,568.6,70.33774
DTW_CLT,217,217,0,198.6,212.8166,448.6,49.52865
DTW_EWR,217,217,0,92.6,107.3235,308.6,33.089207
DTW_DFW,217,217,0,76.59,121.66134,324.6,55.181404
DTW_DEN,217,217,0,78.6,130.8801,296.61,48.73737
SFO_LAX,217,217,0,43.6,50.003178,164.6,16.076698
SFO_MIA,217,217,0,193.6,287.3474,598.61,73.796974
SFO_ATL,217,217,0,103.99,240.1629,558.6,120.13636
DTW_IAD,217,217,0,70.6,95.237,238.6,26.236115
DTW_JFK,217,217,0,58.6,97.72917,289.6,41.978058
DTW_LAX,217,217,0,112.59,147.4417,278.59,30.841885
DTW_LGA,217,217,0,43.59,61.217514,198.6,25.506786
DTW_MIA,217,217,0,42.79,67.67885,226.59,29.697832
DTW_ORD,217,217,0,70.6,98.64244,181.6,23.050451
DTW_PHL,217,217,0,43.59,92.10825,468.61,90.53719
DTW_SFO,217,217,0,278.6,353.3928,568.6,72.77976
EWR_ATL,217,217,0,43.59,59.759308,190.59,20.254868
EWR_BOS,217,217,0,44.6,56.67373,248.6,18.08504
EWR_CLT,217,217,0,111.6,144.44379,244.6,29.646257
EWR_DEN,217,217,0,98.6,146.71172,408.6,48.3603
EWR_DFW,217,217,0,88.6,120.28281,238.6,32.79752
EWR_DTW,217,217,0,93.6,109.88571,248.6,26.811958
EWR_IAD,217,217,0,110.6,133.82414,358.6,36.311367
EWR_LAX,217,217,0,121.6,160.57149,366.6,39.178684
EWR_MIA,217,217,0,38.61,58.261703,263.6,26.706427
EWR_ORD,217,217,0,88.6,101.526405,178.6,18.993649
EWR_SFO,217,217,0,121.6,175.28214,356.6,50.329056
IAD_ATL,217,217,0,88.6,108.76589,202.6,26.659378
IAD_CLT,217,217,0,80.61,105.89618,191.6,19.599163
IAD_LAX,217,217,0,132.6,220.99701,508.6,77.83647
IAD_DEN,217,217,0,98.6,173.02895,588.6,69.42118
IAD_DFW,217,217,0,118.6,178.28725,296.61,50.65333
IAD_EWR,217,217,0,110.6,132.79654,244.6,33.056976
IAD_JFK,217,217,0,90.6,119.43405,293.6,41.82414
IAD_SFO,217,217,0,178.6,247.10655,608.6,71.83834
IAD_ORD,217,217,0,88.6,117.95258,202.6,27.910986
IAD_MIA,217,217,0,98.6,149.6519,418.6,59.451984
LAX_MIA,217,217,0,106.6,169.536,348.6,61.13981
LAX_CLT,217,217,0,298.6,356.0783,408.6,34.97129
LAX_DEN,217,217,0,53.99,63.31484,238.6,17.889746
JFK_ATL,217,217,0,63.6,90.13927,259.6,28.850916
JFK_CLT,217,217,0,111.6,152.40184,398.6,54.346474
JFK_BOS,217,217,0,53.6,62.060825,143.6,13.3301935
JFK_DEN,217,217,0,98.6,130.75784,258.6,34.712044
JFK_DFW,217,217,0,74.6,98.69907,235.6,25.831581
JFK_MIA,217,217,0,68.6,86.17147,288.6,24.151777
JFK_DTW,217,217,0,58.6,96.614235,248.6,36.12798
JFK_IAD,217,217,0,90.6,119.81198,293.6,41.788506
JFK_LAX,217,217,0,131.6,175.89355,366.6,47.151104
JFK_SFO,217,217,0,121.6,176.14005,356.6,54.91886
JFK_ORD,217,217,0,88.6,103.18558,248.6,20.752209
LAX_ATL,217,217,0,118.59,176.96446,328.59,60.176346
LAX_BOS,217,217,0,141.6,221.17674,534.6,75.99027
LAX_SFO,217,217,0,43.6,50.371796,164.6,17.946436
LAX_OAK,217,217,0,24.59,36.538433,248.6,27.68301
LAX_ORD,217,217,0,68.59,118.44304,361.6,52.417107
LAX_DFW,217,217,0,60.59,83.67977,284.59,32.96885
LAX_DTW,217,217,0,112.59,153.68404,278.59,38.363033
LAX_EWR,217,217,0,121.6,174.0441,603.51,61.973454
LAX_IAD,217,217,0,149.6,233.38904,508.6,81.849754
LAX_JFK,217,217,0,131.6,181.8166,461.95,54.23671
LGA_BOS,217,217,0,44.6,59.69216,153.6,16.553528
LGA_ATL,217,217,0,48.98,65.9294,259.6,25.137573
LGA_CLT,217,217,0,111.6,151.5495,398.6,54.653248
LAX_PHL,217,217,0,144.59,224.3676,443.6,83.58125
LGA_IAD,217,217,0,90.6,117.35116,278.6,37.931137
LGA_DTW,217,217,0,43.59,62.16,248.6,24.927391
LGA_DFW,217,217,0,90.59,97.27148,208.61,14.490725
LGA_DEN,217,217,0,98.6,128.24152,258.6,32.780216
SFO_IAD,217,217,0,208.61,257.35217,608.6,77.81109
SFO_PHL,217,217,0,186.6,299.9232,538.6,75.40433
SFO_JFK,217,217,0,144.6,188.78793,388.6,53.59904
SFO_BOS,217,217,0,128.6,198.81253,478.6,78.5087
LGA_ORD,217,217,0,88.6,101.68212,168.61,18.292635
MIA_ATL,217,217,0,31.59,44.129772,198.6,20.255993
MIA_BOS,217,217,0,43.59,64.23447,356.59,43.14038
MIA_CLT,217,217,0,128.6,226.6047,529.6,74.41221
MIA_LAX,217,217,0,86.6,143.71088,318.6,49.578724
MIA_DEN,217,217,0,43.59,72.77668,260.59,34.79844
MIA_DFW,217,217,0,43.59,69.34765,233.59,33.568832
MIA_DTW,217,217,0,43.59,80.67875,296.59,40.147713
ORD_DFW,217,217,0,50.59,79.45479,230.59,25.375198
MIA_SFO,217,217,0,163.6,269.5636,641.61,99.68925
MIA_PHL,217,217,0,30.69,57.91544,423.61,48.53299
MIA_ORD,217,217,0,43.59,81.15175,348.6,44.71292
ORD_EWR,217,217,0,88.6,103.637054,228.6,23.005424
ORD_DTW,217,217,0,70.6,99.384186,181.6,23.138796
ORD_IAD,217,217,0,88.6,122.82526,478.6,39.54108
ORD_ATL,217,217,0,38.59,61.695343,178.6,29.428862
ORD_DEN,217,217,0,78.6,120.37917,244.6,40.13177
ORD_CLT,217,217,0,102.6,133.96407,202.6,24.070332
ORD_BOS,217,217,0,74.6,88.50958,223.6,21.55515
PHL_DTW,217,217,0,43.59,90.55304,468.61,90.29601
PHL_BOS,217,217,0,43.98,62.194702,213.6,27.35438
PHL_ATL,217,217,0,30.98,42.627975,197.98,18.666319
ORD_SFO,217,217,0,138.6,208.47746,458.6,67.43315
ORD_PHL,217,217,0,78.6,122.480415,244.6,36.361855
ORD_MIA,217,217,0,43.59,60.702442,151.59,17.197098
ORD_LGA,217,217,0,88.6,101.425575,258.6,21.567408
ORD_LAX,217,217,0,68.59,112.06493,319.59,44.54201
ORD_JFK,217,217,0,88.6,105.49894,308.6,27.402674
SFO_ORD,217,217,0,130.6,202.85179,383.61,62.711624
PHL_CLT,217,217,0,43.98,63.232216,143.99,18.75472
PHL_DEN,217,217,0,77.98,135.67004,342.6,56.229546
PHL_DFW,217,217,0,43.59,96.611015,368.6,61.84966
SFO_DFW,217,217,0,83.6,109.55493,296.61,31.051842
SFO_DEN,217,217,0,53.99,81.81654,140.99,23.307549
SFO_EWR,217,217,0,158.6,192.07518,428.6,43.750423
SFO_DTW,217,217,0,278.6,343.39282,558.6,69.11529
PHL_MIA,217,217,0,30.69,45.223503,223.6,20.246382
PHL_LAX,217,217,0,139.59,214.84755,443.6,88.055244
PHL_SFO,217,217,0,196.6,324.38376,558.6,87.368454
PHL_ORD,217,217,0,78.6,122.323135,215.6,35.571915
SFO_CLT,217,216,1,380.61,449.48285,1551.6,157.81973
IAD_LGA,217,216,1,90.6,117.35116,278.6,37.931137
IAD_DTW,217,216,1,70.6,95.619354,181.6,23.258205
EWR_PHL,217,216,1,183.6,191.82582,278.6,18.688719
PHL_EWR,217,216,1,183.6,191.13458,278.6,18.57243
MIA_EWR,217,216,1,42.79,71.51664,484.6,61.381382
MIA_IAD,217,216,1,98.6,194.16327,563.6,100.55009
LGA_MIA,217,216,1,43.59,60.086178,206.59,21.052622
MIA_LGA,217,216,1,48.6,76.02328,361.59,44.39575
OAK_LAX,217,216,1,24.59,31.884287,128.59,14.532701
BOS_IAD,217,215,2,48.6,65.20369,298.6,34.341015
IAD_BOS,217,214,3,48.6,69.16691,218.6,27.638662
MIA_JFK,217,214,3,68.6,91.570145,250.6,30.958454
CLT_SFO,217,213,4,361.11,418.956,593.1,44.65533
PHL_OAK,217,173,44,88.59,116.80198,245.59,29.133175
OAK_PHL,217,171,46,88.59,119.74668,225.59,30.78199
DEN_OAK,217,126,91,43.98,70.09466,193.99,21.272589
OAK_DEN,217,126,91,43.98,69.17058,123.98,19.477802
ORD_OAK,217,123,94,78.59,105.668335,228.59,28.690533
OAK_ORD,217,122,95,75.59,107.691376,230.59,32.838676
